{"cameraMode":{"drawMode":0,"name":"Shaded","section":"Shading Mode"},"sceneLighting":true,"audioPlay":false,"sceneViewState":{"showFog":true,"showMaterialUpdate":false,"showSkybox":true,"showFlares":true,"showImageEffects":true,"showParticleSystems":true},"in2DMode":false,"pivot":{"x":-39.861083984375,"y":488.63311767578127,"z":-168.12179565429688},"rotation":{"x":-0.022261902689933778,"y":0.6344247460365295,"z":-0.01828065887093544,"w":-0.7724596858024597},"size":1813.3045654296875,"orthographic":false}